{
  "project_info": {
    "project_number": "236880847063",
    "project_id": "tucking-app-c9418",
    "storage_bucket": "tucking-app-c9418.appspot.com"
  },
  "client": [
    {
      "client_info": {
        "mobilesdk_app_id": "1:236880847063:android:0c941c8b26f9972af15092",
        "android_client_info": {
          "package_name": "com.lahdatech.trucking"
        }
      },
      "oauth_client": [
        {
          "client_id": "236880847063-14tg7s2ib0o571evtfocnu1rc3rke5lj.apps.googleusercontent.com",
          "client_type": 3
        }
      ],
      "api_key": [
        {
          "current_key": "AIzaSyCrE9nXUcr0QSd18fiv4-juxqXD9Ch6Ad0"
        }
      ],
      "services": {
        "appinvite_service": {
          "other_platform_oauth_client": [
            {
              "client_id": "236880847063-14tg7s2ib0o571evtfocnu1rc3rke5lj.apps.googleusercontent.com",
              "client_type": 3
            },
            {
              "client_id": "236880847063-jsphi66sbtlblv4t9lghlns97rnni6r9.apps.googleusercontent.com",
              "client_type": 2,
              "ios_info": {
                "bundle_id": "com.truckUserApp"
              }
            }
          ]
        }
      }
    },
    {
      "client_info": {
        "mobilesdk_app_id": "1:236880847063:android:e85fb76f682dccf7f15092",
        "android_client_info": {
          "package_name": "com.salman.diebetes"
        }
      },
      "oauth_client": [
        {
          "client_id": "236880847063-14tg7s2ib0o571evtfocnu1rc3rke5lj.apps.googleusercontent.com",
          "client_type": 3
        }
      ],
      "api_key": [
        {
          "current_key": "AIzaSyCrE9nXUcr0QSd18fiv4-juxqXD9Ch6Ad0"
        }
      ],
      "services": {
        "appinvite_service": {
          "other_platform_oauth_client": [
            {
              "client_id": "236880847063-14tg7s2ib0o571evtfocnu1rc3rke5lj.apps.googleusercontent.com",
              "client_type": 3
            },
            {
              "client_id": "236880847063-jsphi66sbtlblv4t9lghlns97rnni6r9.apps.googleusercontent.com",
              "client_type": 2,
              "ios_info": {
                "bundle_id": "com.truckUserApp"
              }
            }
          ]
        }
      }
    },
    {
      "client_info": {
        "mobilesdk_app_id": "1:236880847063:android:a32a026af48f7b03f15092",
        "android_client_info": {
          "package_name": "com.sultan_cab"
        }
      },
      "oauth_client": [
        {
          "client_id": "236880847063-s857hs65oain5irc1q5fdsggeq4p0lns.apps.googleusercontent.com",
          "client_type": 1,
          "android_info": {
            "package_name": "com.sultan_cab",
            "certificate_hash": "5ac93cf9373575d662ccc6be0de7cbae51af565a"
          }
        },
        {
          "client_id": "236880847063-14tg7s2ib0o571evtfocnu1rc3rke5lj.apps.googleusercontent.com",
          "client_type": 3
        }
      ],
      "api_key": [
        {
          "current_key": "AIzaSyCrE9nXUcr0QSd18fiv4-juxqXD9Ch6Ad0"
        }
      ],
      "services": {
        "appinvite_service": {
          "other_platform_oauth_client": [
            {
              "client_id": "236880847063-14tg7s2ib0o571evtfocnu1rc3rke5lj.apps.googleusercontent.com",
              "client_type": 3
            },
            {
              "client_id": "236880847063-jsphi66sbtlblv4t9lghlns97rnni6r9.apps.googleusercontent.com",
              "client_type": 2,
              "ios_info": {
                "bundle_id": "com.truckUserApp"
              }
            }
          ]
        }
      }
    }
  ],
  "configuration_version": "1"
}